{
  "xgboost": {
    "model_path": "assets/models/best_model.pkl",
    "model_metadata_path": "assets/models/model_metadata.json",
    "threshold": 0.40,
    "params": {
      "objective": "binary:logistic",
      "eval_metric": "auc",
      "max_depth": 6,
      "learning_rate": 0.05,
      "subsample": 0.8,
      "colsample_bytree": 0.8,
      "min_child_weight": 1,
      "gamma": 0,
      "reg_alpha": 0,
      "reg_lambda": 1,
      "scale_pos_weight": 1
    },
    "best_score": 0.6028
  },
  "data": {
    "stock_pool_size": 100,
    "prediction_days": 5,
    "feature_count": 22,
    "train_features": [
      "ma5", "ma10", "ma20", "ma60",
      "volume_ratio", "turnover_ratio",
      "rsi", "macd", "kdj_k", "kdj_d", "kdj_j",
      "boll_upper", "boll_mid", "boll_lower",
      "price_change_5d", "price_change_10d",
      "volume_change_5d", "volume_change_10d",
      "amplitude", "high_low_ratio",
      "amount_ratio", "turnover_rate"
    ]
  },
  "performance": {
    "targets": {
      "precision": 0.45,
      "recall": 0.80,
      "auc": 0.65,
      "f1": 0.55,
      "sharpe_ratio": 4.0,
      "max_drawdown": -0.05,
      "annual_return": 0.20
    },
    "trigger_thresholds": {
      "min_recall": 0.70,
      "min_precision": 0.25,
      "min_sharpe_ratio": 2.0
    }
  },
  "adjustment": {
    "learning_rate_range": [0.03, 0.07],
    "max_depth_range": [5, 7],
    "threshold_range": [0.35, 0.45],
    "adjust_step": {
      "learning_rate": 0.002,
      "max_depth": 1,
      "threshold": 0.02
    }
  },
  "cache": {
    "model_cache_dir": "assets/models",
    "data_cache_dir": "assets/data",
    "log_dir": "assets/logs",
    "backup_count": 10
  }
}
