{
    "params": {
        "first_round": {
            "MIN_PCT_CHG": 2.0,
            "MIN_VOL_RATIO": 1.2,
            "MIN_POS_RATIO": 0.15
        },
        "second_round": {
            "SCORE_THRESHOLD_NORMAL": 40,
            "SCORE_THRESHOLD_WASH": 30,
            "TURNOVER_THRESHOLD_NORMAL": 1.5,
            "TURNOVER_THRESHOLD_WASH": 0.6,
            "TOP_N_PER_STRATEGY": 5
        }
    },
    "version": "3.0",
    "description": "优化版参数配置（降低评分阈值以适应多因子模型）"
}
