{
  "version": "2.0",
  "description": "策略参数配置文件 - 支持遗传算法优化",
  "optimized": true,
  "last_updated": "2026-01-27 21:13:26",
  "optimization_stats": {
    "generation": 17,
    "sharpe_ratio": 137.08581246305764,
    "win_rate": 0
  },
  "scoring_weights": {
    "safety": {
      "base_scores": [
        21,
        17,
        15,
        15
      ],
      "pos_thresholds": [
        0.2,
        0.4,
        0.6
      ],
      "low_vol_bonus": 0,
      "max_score": 21
    },
    "offensive": {
      "strategy_base": {
        "强攻": 12,
        "梯量": 7,
        "洗盘": 5
      },
      "vol_ratio_bonus": [
        {
          "threshold": 2.0,
          "score": 13
        },
        {
          "threshold": 1.5,
          "score": 7
        }
      ],
      "pct_chg_bonus": [
        {
          "threshold": 5,
          "score": 10
        },
        {
          "threshold": 2,
          "score": 5
        }
      ],
      "wash_compensation": {
        "enabled": true,
        "pct_range": [
          -3,
          3
        ],
        "score": 11
      },
      "max_score": 30
    },
    "certainty": {
      "base_score": 6,
      "vol_threshold": 1.6177003374611485,
      "vol_bonus": 7,
      "ma_above_bonus": 9,
      "max_score": 17
    },
    "match": {
      "base_score": 6,
      "strong_attack_bonus": {
        "pos_threshold": 0.3,
        "vol_threshold": 1.5,
        "score": 3
      },
      "wash_bonus": {
        "pos_threshold": 0.6,
        "vol_threshold": 0.8,
        "pct_range": [
          -3,
          0
        ],
        "score": 7
      },
      "max_score": 11
    },
    "total_max_score": 100
  },
  "indicators": {
    "ma_periods": {
      "short": 18,
      "medium": 53
    },
    "vol_ma_period": 5,
    "lookback_period": 250,
    "min_data_days": 60
  },
  "thresholds": {
    "SCORE_THRESHOLD_NORMAL": 71,
    "SCORE_THRESHOLD_WASH": 70,
    "TURNOVER_THRESHOLD_NORMAL": 8,
    "TURNOVER_THRESHOLD_WASH": 3,
    "TOP_N_PER_STRATEGY": 8
  },
  "genetic_algorithm": {
    "population_size": 50,
    "generations": 100,
    "mutation_rate": 0.1,
    "crossover_rate": 0.7,
    "elite_size": 5,
    "tournament_size": 3,
    "mutation_range": 0.2,
    "convergence_threshold": 0.001,
    "stagnation_generations": 10
  },
  "backtest": {
    "start_date": "20230101",
    "end_date": null,
    "initial_capital": 1000000,
    "commission_rate": 0.0003,
    "slippage": 0.001,
    "position_limit": 0.3,
    "max_positions": 5
  }
}