{
  "version": "2.0",
  "description": "策略参数配置文件 - 支持遗传算法优化",
  "optimized": false,
  "last_updated": null,
  "optimization_stats": {
    "generation": 0,
    "sharpe_ratio": 0,
    "win_rate": 0
  },
  
  "scoring_weights": {
    "safety": {
      "base_scores": [25, 20, 15, 10],
      "pos_thresholds": [0.2, 0.4, 0.6],
      "low_vol_bonus": 2,
      "max_score": 25
    },
    "offensive": {
      "strategy_base": {
        "强攻": 15,
        "梯量": 10,
        "洗盘": 5
      },
      "vol_ratio_bonus": [
        {"threshold": 2.0, "score": 10},
        {"threshold": 1.5, "score": 8}
      ],
      "pct_chg_bonus": [
        {"threshold": 5, "score": 10},
        {"threshold": 2, "score": 5}
      ],
      "wash_compensation": {
        "enabled": true,
        "pct_range": [-3, 3],
        "score": 10
      },
      "max_score": 35
    },
    "certainty": {
      "base_score": 10,
      "vol_threshold": 1.8,
      "vol_bonus": 5,
      "ma_above_bonus": 10,
      "max_score": 25
    },
    "match": {
      "base_score": 10,
      "strong_attack_bonus": {
        "pos_threshold": 0.3,
        "vol_threshold": 1.5,
        "score": 5
      },
      "wash_bonus": {
        "pos_threshold": 0.6,
        "vol_threshold": 0.8,
        "pct_range": [-3, 0],
        "score": 5
      },
      "max_score": 15
    },
    "total_max_score": 100
  },
  
  "indicators": {
    "ma_periods": {
      "short": 20,
      "medium": 60
    },
    "vol_ma_period": 5,
    "lookback_period": 250,
    "min_data_days": 60
  },
  
  "thresholds": {
    "SCORE_THRESHOLD_NORMAL": 70,
    "SCORE_THRESHOLD_WASH": 65,
    "TURNOVER_THRESHOLD_NORMAL": 10,
    "TURNOVER_THRESHOLD_WASH": 5,
    "TOP_N_PER_STRATEGY": 10
  },
  
  "genetic_algorithm": {
    "population_size": 50,
    "generations": 100,
    "mutation_rate": 0.1,
    "crossover_rate": 0.7,
    "elite_size": 5,
    "tournament_size": 3,
    "mutation_range": 0.2,
    "convergence_threshold": 0.001,
    "stagnation_generations": 10
  },
  
  "backtest": {
    "start_date": "20230101",
    "end_date": null,
    "initial_capital": 1000000,
    "commission_rate": 0.0003,
    "slippage": 0.001,
    "position_limit": 0.3,
    "max_positions": 5
  }
}
